<annotation>
	<folder>combined_coco_3class_set2</folder>
	<filename>000000018783.jpg</filename>
	<path>/home/sanjay27/Downloads/july17/combined_coco_3class_set2/000000018783.jpg</path>
	<source>
		<database>Unknown</database>
	</source>
	<size>
		<width>640</width>
		<height>525</height>
		<depth>3</depth>
	</size>
	<segmented>0</segmented>
	<object>
		<name>person</name>
		<pose>Unspecified</pose>
		<truncated>0</truncated>
		<difficult>0</difficult>
		<bndbox>
			<xmin>176</xmin>
			<ymin>125</ymin>
			<xmax>331</xmax>
			<ymax>509</ymax>
		</bndbox>
	</object>
	<object>
		<name>two wheeler</name>
		<pose>Unspecified</pose>
		<truncated>0</truncated>
		<difficult>0</difficult>
		<bndbox>
			<xmin>118</xmin>
			<ymin>277</ymin>
			<xmax>465</xmax>
			<ymax>499</ymax>
		</bndbox>
	</object>
</annotation>
