<annotation>
	<folder>combined_coco_3class_set2</folder>
	<filename>000000005256.jpg</filename>
	<path>/home/sanjay27/Downloads/july17/combined_coco_3class_set2/000000005256.jpg</path>
	<source>
		<database>Unknown</database>
	</source>
	<size>
		<width>640</width>
		<height>640</height>
		<depth>3</depth>
	</size>
	<segmented>0</segmented>
	<object>
		<name>person</name>
		<pose>Unspecified</pose>
		<truncated>0</truncated>
		<difficult>0</difficult>
		<bndbox>
			<xmin>242</xmin>
			<ymin>123</ymin>
			<xmax>508</xmax>
			<ymax>619</ymax>
		</bndbox>
	</object>
	<object>
		<name>two wheeler</name>
		<pose>Unspecified</pose>
		<truncated>0</truncated>
		<difficult>0</difficult>
		<bndbox>
			<xmin>25</xmin>
			<ymin>158</ymin>
			<xmax>616</xmax>
			<ymax>616</ymax>
		</bndbox>
	</object>
	<object>
		<name>vehicle</name>
		<pose>Unspecified</pose>
		<truncated>0</truncated>
		<difficult>0</difficult>
		<bndbox>
			<xmin>12</xmin>
			<ymin>107</ymin>
			<xmax>211</xmax>
			<ymax>193</ymax>
		</bndbox>
	</object>
</annotation>
