<annotation>
	<folder>combined_coco_3class_set2</folder>
	<filename>000000021647.jpg</filename>
	<path>/home/sanjay27/Downloads/july17/combined_coco_3class_set2/000000021647.jpg</path>
	<source>
		<database>Unknown</database>
	</source>
	<size>
		<width>500</width>
		<height>335</height>
		<depth>3</depth>
	</size>
	<segmented>0</segmented>
	<object>
		<name>person</name>
		<pose>Unspecified</pose>
		<truncated>0</truncated>
		<difficult>0</difficult>
		<bndbox>
			<xmin>40</xmin>
			<ymin>39</ymin>
			<xmax>107</xmax>
			<ymax>161</ymax>
		</bndbox>
	</object>
	<object>
		<name>two wheeler</name>
		<pose>Unspecified</pose>
		<truncated>0</truncated>
		<difficult>0</difficult>
		<bndbox>
			<xmin>36</xmin>
			<ymin>79</ymin>
			<xmax>75</xmax>
			<ymax>168</ymax>
		</bndbox>
	</object>
	<object>
		<name>vehicle</name>
		<pose>Unspecified</pose>
		<truncated>1</truncated>
		<difficult>0</difficult>
		<bndbox>
			<xmin>216</xmin>
			<ymin>50</ymin>
			<xmax>500</xmax>
			<ymax>312</ymax>
		</bndbox>
	</object>
</annotation>
