<annotation>
	<folder>combined_coco_3class_set2</folder>
	<filename>000000045110.jpg</filename>
	<path>/home/sanjay27/Downloads/july17/combined_coco_3class_set2/000000045110.jpg</path>
	<source>
		<database>Unknown</database>
	</source>
	<size>
		<width>612</width>
		<height>612</height>
		<depth>3</depth>
	</size>
	<segmented>0</segmented>
	<object>
		<name>person</name>
		<pose>Unspecified</pose>
		<truncated>0</truncated>
		<difficult>0</difficult>
		<bndbox>
			<xmin>159</xmin>
			<ymin>172</ymin>
			<xmax>313</xmax>
			<ymax>469</ymax>
		</bndbox>
	</object>
	<object>
		<name>two wheeler</name>
		<pose>Unspecified</pose>
		<truncated>0</truncated>
		<difficult>0</difficult>
		<bndbox>
			<xmin>97</xmin>
			<ymin>293</ymin>
			<xmax>391</xmax>
			<ymax>454</ymax>
		</bndbox>
	</object>
	<object>
		<name>vehicle</name>
		<pose>Unspecified</pose>
		<truncated>1</truncated>
		<difficult>0</difficult>
		<bndbox>
			<xmin>390</xmin>
			<ymin>165</ymin>
			<xmax>612</xmax>
			<ymax>409</ymax>
		</bndbox>
	</object>
</annotation>
