<annotation>
	<folder>combined_coco_3class_set2</folder>
	<filename>000000012418.jpg</filename>
	<path>/home/sanjay27/Downloads/july17/combined_coco_3class_set2/000000012418.jpg</path>
	<source>
		<database>Unknown</database>
	</source>
	<size>
		<width>480</width>
		<height>640</height>
		<depth>3</depth>
	</size>
	<segmented>0</segmented>
	<object>
		<name>person</name>
		<pose>Unspecified</pose>
		<truncated>0</truncated>
		<difficult>0</difficult>
		<bndbox>
			<xmin>22</xmin>
			<ymin>295</ymin>
			<xmax>127</xmax>
			<ymax>556</ymax>
		</bndbox>
	</object>
	<object>
		<name>two wheeler</name>
		<pose>Unspecified</pose>
		<truncated>0</truncated>
		<difficult>0</difficult>
		<bndbox>
			<xmin>156</xmin>
			<ymin>339</ymin>
			<xmax>248</xmax>
			<ymax>411</ymax>
		</bndbox>
	</object>
	<object>
		<name>two wheeler</name>
		<pose>Unspecified</pose>
		<truncated>0</truncated>
		<difficult>0</difficult>
		<bndbox>
			<xmin>105</xmin>
			<ymin>260</ymin>
			<xmax>235</xmax>
			<ymax>397</ymax>
		</bndbox>
	</object>
</annotation>
