<annotation>
	<folder>combined_coco_3class_set2</folder>
	<filename>000000004331.jpg</filename>
	<path>/home/sanjay27/Downloads/july17/combined_coco_3class_set2/000000004331.jpg</path>
	<source>
		<database>Unknown</database>
	</source>
	<size>
		<width>640</width>
		<height>480</height>
		<depth>3</depth>
	</size>
	<segmented>0</segmented>
	<object>
		<name>person</name>
		<pose>Unspecified</pose>
		<truncated>0</truncated>
		<difficult>0</difficult>
		<bndbox>
			<xmin>77</xmin>
			<ymin>146</ymin>
			<xmax>157</xmax>
			<ymax>405</ymax>
		</bndbox>
	</object>
	<object>
		<name>person</name>
		<pose>Unspecified</pose>
		<truncated>0</truncated>
		<difficult>0</difficult>
		<bndbox>
			<xmin>462</xmin>
			<ymin>179</ymin>
			<xmax>550</xmax>
			<ymax>412</ymax>
		</bndbox>
	</object>
	<object>
		<name>two wheeler</name>
		<pose>Unspecified</pose>
		<truncated>0</truncated>
		<difficult>0</difficult>
		<bndbox>
			<xmin>331</xmin>
			<ymin>215</ymin>
			<xmax>420</xmax>
			<ymax>332</ymax>
		</bndbox>
	</object>
	<object>
		<name>two wheeler</name>
		<pose>Unspecified</pose>
		<truncated>0</truncated>
		<difficult>0</difficult>
		<bndbox>
			<xmin>435</xmin>
			<ymin>190</ymin>
			<xmax>499</xmax>
			<ymax>267</ymax>
		</bndbox>
	</object>
	<object>
		<name>two wheeler</name>
		<pose>Unspecified</pose>
		<truncated>1</truncated>
		<difficult>0</difficult>
		<bndbox>
			<xmin>516</xmin>
			<ymin>305</ymin>
			<xmax>640</xmax>
			<ymax>480</ymax>
		</bndbox>
	</object>
	<object>
		<name>vehicle</name>
		<pose>Unspecified</pose>
		<truncated>0</truncated>
		<difficult>0</difficult>
		<bndbox>
			<xmin>3</xmin>
			<ymin>39</ymin>
			<xmax>448</xmax>
			<ymax>374</ymax>
		</bndbox>
	</object>
	<object>
		<name>vehicle</name>
		<pose>Unspecified</pose>
		<truncated>0</truncated>
		<difficult>0</difficult>
		<bndbox>
			<xmin>553</xmin>
			<ymin>255</ymin>
			<xmax>574</xmax>
			<ymax>272</ymax>
		</bndbox>
	</object>
</annotation>
