<annotation>
	<folder>combined_coco_3class_set2</folder>
	<filename>000000018426.jpg</filename>
	<path>/home/sanjay27/Downloads/july17/combined_coco_3class_set2/000000018426.jpg</path>
	<source>
		<database>Unknown</database>
	</source>
	<size>
		<width>640</width>
		<height>480</height>
		<depth>3</depth>
	</size>
	<segmented>0</segmented>
	<object>
		<name>person</name>
		<pose>Unspecified</pose>
		<truncated>0</truncated>
		<difficult>0</difficult>
		<bndbox>
			<xmin>216</xmin>
			<ymin>17</ymin>
			<xmax>348</xmax>
			<ymax>407</ymax>
		</bndbox>
	</object>
	<object>
		<name>two wheeler</name>
		<pose>Unspecified</pose>
		<truncated>0</truncated>
		<difficult>0</difficult>
		<bndbox>
			<xmin>165</xmin>
			<ymin>69</ymin>
			<xmax>555</xmax>
			<ymax>454</ymax>
		</bndbox>
	</object>
</annotation>
