<annotation>
	<folder>combined_coco_3class_set2</folder>
	<filename>000000001053.jpg</filename>
	<path>/home/sanjay27/Downloads/july17/combined_coco_3class_set2/000000001053.jpg</path>
	<source>
		<database>Unknown</database>
	</source>
	<size>
		<width>640</width>
		<height>419</height>
		<depth>3</depth>
	</size>
	<segmented>0</segmented>
	<object>
		<name>person</name>
		<pose>Unspecified</pose>
		<truncated>0</truncated>
		<difficult>0</difficult>
		<bndbox>
			<xmin>53</xmin>
			<ymin>160</ymin>
			<xmax>101</xmax>
			<ymax>226</ymax>
		</bndbox>
	</object>
	<object>
		<name>person</name>
		<pose>Unspecified</pose>
		<truncated>0</truncated>
		<difficult>0</difficult>
		<bndbox>
			<xmin>105</xmin>
			<ymin>153</ymin>
			<xmax>161</xmax>
			<ymax>231</ymax>
		</bndbox>
	</object>
	<object>
		<name>person</name>
		<pose>Unspecified</pose>
		<truncated>0</truncated>
		<difficult>0</difficult>
		<bndbox>
			<xmin>184</xmin>
			<ymin>154</ymin>
			<xmax>229</xmax>
			<ymax>217</ymax>
		</bndbox>
	</object>
	<object>
		<name>two wheeler</name>
		<pose>Unspecified</pose>
		<truncated>0</truncated>
		<difficult>0</difficult>
		<bndbox>
			<xmin>87</xmin>
			<ymin>192</ymin>
			<xmax>171</xmax>
			<ymax>243</ymax>
		</bndbox>
	</object>
	<object>
		<name>two wheeler</name>
		<pose>Unspecified</pose>
		<truncated>0</truncated>
		<difficult>0</difficult>
		<bndbox>
			<xmin>170</xmin>
			<ymin>183</ymin>
			<xmax>246</xmax>
			<ymax>228</ymax>
		</bndbox>
	</object>
	<object>
		<name>two wheeler</name>
		<pose>Unspecified</pose>
		<truncated>0</truncated>
		<difficult>0</difficult>
		<bndbox>
			<xmin>33</xmin>
			<ymin>189</ymin>
			<xmax>115</xmax>
			<ymax>233</ymax>
		</bndbox>
	</object>
	<object>
		<name>vehicle</name>
		<pose>Unspecified</pose>
		<truncated>0</truncated>
		<difficult>0</difficult>
		<bndbox>
			<xmin>205</xmin>
			<ymin>147</ymin>
			<xmax>222</xmax>
			<ymax>157</ymax>
		</bndbox>
	</object>
	<object>
		<name>person</name>
		<pose>Unspecified</pose>
		<truncated>0</truncated>
		<difficult>0</difficult>
		<bndbox>
			<xmin>336</xmin>
			<ymin>147</ymin>
			<xmax>382</xmax>
			<ymax>217</ymax>
		</bndbox>
	</object>
	<object>
		<name>person</name>
		<pose>Unspecified</pose>
		<truncated>0</truncated>
		<difficult>0</difficult>
		<bndbox>
			<xmin>476</xmin>
			<ymin>144</ymin>
			<xmax>518</xmax>
			<ymax>219</ymax>
		</bndbox>
	</object>
	<object>
		<name>two wheeler</name>
		<pose>Unspecified</pose>
		<truncated>0</truncated>
		<difficult>0</difficult>
		<bndbox>
			<xmin>319</xmin>
			<ymin>180</ymin>
			<xmax>398</xmax>
			<ymax>228</ymax>
		</bndbox>
	</object>
	<object>
		<name>two wheeler</name>
		<pose>Unspecified</pose>
		<truncated>0</truncated>
		<difficult>0</difficult>
		<bndbox>
			<xmin>460</xmin>
			<ymin>180</ymin>
			<xmax>537</xmax>
			<ymax>231</ymax>
		</bndbox>
	</object>
	<object>
		<name>vehicle</name>
		<pose>Unspecified</pose>
		<truncated>1</truncated>
		<difficult>0</difficult>
		<bndbox>
			<xmin>517</xmin>
			<ymin>245</ymin>
			<xmax>640</xmax>
			<ymax>419</ymax>
		</bndbox>
	</object>
</annotation>
