<annotation>
	<folder>combined_coco_3class_set2</folder>
	<filename>000000008086.jpg</filename>
	<path>/home/sanjay27/Downloads/july17/combined_coco_3class_set2/000000008086.jpg</path>
	<source>
		<database>Unknown</database>
	</source>
	<size>
		<width>427</width>
		<height>640</height>
		<depth>3</depth>
	</size>
	<segmented>0</segmented>
	<object>
		<name>person</name>
		<pose>Unspecified</pose>
		<truncated>0</truncated>
		<difficult>0</difficult>
		<bndbox>
			<xmin>134</xmin>
			<ymin>248</ymin>
			<xmax>227</xmax>
			<ymax>391</ymax>
		</bndbox>
	</object>
	<object>
		<name>two wheeler</name>
		<pose>Unspecified</pose>
		<truncated>1</truncated>
		<difficult>0</difficult>
		<bndbox>
			<xmin>43</xmin>
			<ymin>422</ymin>
			<xmax>313</xmax>
			<ymax>640</ymax>
		</bndbox>
	</object>
	<object>
		<name>vehicle</name>
		<pose>Unspecified</pose>
		<truncated>1</truncated>
		<difficult>0</difficult>
		<bndbox>
			<xmin>274</xmin>
			<ymin>301</ymin>
			<xmax>427</xmax>
			<ymax>640</ymax>
		</bndbox>
	</object>
	<object>
		<name>vehicle</name>
		<pose>Unspecified</pose>
		<truncated>1</truncated>
		<difficult>0</difficult>
		<bndbox>
			<xmin>1</xmin>
			<ymin>549</ymin>
			<xmax>116</xmax>
			<ymax>638</ymax>
		</bndbox>
	</object>
</annotation>
