<annotation>
	<folder>o_p</folder>
	<filename>000000327919.jpg</filename>
	<path>/home/sanjay27/Downloads/july16/combined_coco_3 class/o_p/000000327919.jpg</path>
	<source>
		<database>Unknown</database>
	</source>
	<size>
		<width>640</width>
		<height>424</height>
		<depth>3</depth>
	</size>
	<segmented>0</segmented>
	<object>
		<name>vehicle</name>
		<pose>Unspecified</pose>
		<truncated>0</truncated>
		<difficult>0</difficult>
		<bndbox>
			<xmin>212</xmin>
			<ymin>181</ymin>
			<xmax>407</xmax>
			<ymax>277</ymax>
		</bndbox>
	</object>
	<object>
		<name>vehicle</name>
		<pose>Unspecified</pose>
		<truncated>1</truncated>
		<difficult>0</difficult>
		<bndbox>
			<xmin>590</xmin>
			<ymin>221</ymin>
			<xmax>640</xmax>
			<ymax>255</ymax>
		</bndbox>
	</object>
	<object>
		<name>two wheeler</name>
		<pose>Unspecified</pose>
		<truncated>0</truncated>
		<difficult>0</difficult>
		<bndbox>
			<xmin>405</xmin>
			<ymin>232</ymin>
			<xmax>436</xmax>
			<ymax>257</ymax>
		</bndbox>
	</object>
	<object>
		<name>person</name>
		<pose>Unspecified</pose>
		<truncated>0</truncated>
		<difficult>0</difficult>
		<bndbox>
			<xmin>531</xmin>
			<ymin>219</ymin>
			<xmax>540</xmax>
			<ymax>239</ymax>
		</bndbox>
	</object>
	<object>
		<name>person</name>
		<pose>Unspecified</pose>
		<truncated>0</truncated>
		<difficult>0</difficult>
		<bndbox>
			<xmin>522</xmin>
			<ymin>219</ymin>
			<xmax>531</xmax>
			<ymax>235</ymax>
		</bndbox>
	</object>
	<object>
		<name>two wheeler</name>
		<pose>Unspecified</pose>
		<truncated>0</truncated>
		<difficult>0</difficult>
		<bndbox>
			<xmin>479</xmin>
			<ymin>231</ymin>
			<xmax>501</xmax>
			<ymax>250</ymax>
		</bndbox>
	</object>
	<object>
		<name>vehicle</name>
		<pose>Unspecified</pose>
		<truncated>0</truncated>
		<difficult>0</difficult>
		<bndbox>
			<xmin>72</xmin>
			<ymin>224</ymin>
			<xmax>100</xmax>
			<ymax>262</ymax>
		</bndbox>
	</object>
	<object>
		<name>vehicle</name>
		<pose>Unspecified</pose>
		<truncated>0</truncated>
		<difficult>0</difficult>
		<bndbox>
			<xmin>102</xmin>
			<ymin>224</ymin>
			<xmax>143</xmax>
			<ymax>261</ymax>
		</bndbox>
	</object>
</annotation>
