<annotation>
	<folder>combined_coco_3class_set2</folder>
	<filename>000000000641.jpg</filename>
	<path>/home/sanjay27/Downloads/july17/combined_coco_3class_set2/000000000641.jpg</path>
	<source>
		<database>Unknown</database>
	</source>
	<size>
		<width>640</width>
		<height>428</height>
		<depth>3</depth>
	</size>
	<segmented>0</segmented>
	<object>
		<name>vehicle</name>
		<pose>Unspecified</pose>
		<truncated>0</truncated>
		<difficult>0</difficult>
		<bndbox>
			<xmin>143</xmin>
			<ymin>99</ymin>
			<xmax>554</xmax>
			<ymax>332</ymax>
		</bndbox>
	</object>
</annotation>
