<annotation>
	<folder>o_p</folder>
	<filename>000000293658.jpg</filename>
	<path>/home/sanjay27/Downloads/july16/combined_coco_3 class/o_p/000000293658.jpg</path>
	<source>
		<database>Unknown</database>
	</source>
	<size>
		<width>640</width>
		<height>426</height>
		<depth>3</depth>
	</size>
	<segmented>0</segmented>
	<object>
		<name>two wheeler</name>
		<pose>Unspecified</pose>
		<truncated>1</truncated>
		<difficult>0</difficult>
		<bndbox>
			<xmin>166</xmin>
			<ymin>134</ymin>
			<xmax>535</xmax>
			<ymax>426</ymax>
		</bndbox>
	</object>
	<object>
		<name>two wheeler</name>
		<pose>Unspecified</pose>
		<truncated>1</truncated>
		<difficult>0</difficult>
		<bndbox>
			<xmin>535</xmin>
			<ymin>179</ymin>
			<xmax>640</xmax>
			<ymax>258</ymax>
		</bndbox>
	</object>
	<object>
		<name>person</name>
		<pose>Unspecified</pose>
		<truncated>1</truncated>
		<difficult>0</difficult>
		<bndbox>
			<xmin>260</xmin>
			<ymin>1</ymin>
			<xmax>474</xmax>
			<ymax>384</ymax>
		</bndbox>
	</object>
</annotation>
