<annotation>
	<folder>combined_coco_3class_set3</folder>
	<filename>000000108094.jpg</filename>
	<path>/home/sanjay27/Downloads/july18/combined_coco_3class_set3/000000108094.jpg</path>
	<source>
		<database>Unknown</database>
	</source>
	<size>
		<width>471</width>
		<height>640</height>
		<depth>3</depth>
	</size>
	<segmented>0</segmented>
	<object>
		<name>vehicle</name>
		<pose>Unspecified</pose>
		<truncated>0</truncated>
		<difficult>0</difficult>
		<bndbox>
			<xmin>8</xmin>
			<ymin>295</ymin>
			<xmax>164</xmax>
			<ymax>354</ymax>
		</bndbox>
	</object>
	<object>
		<name>two wheeler</name>
		<pose>Unspecified</pose>
		<truncated>0</truncated>
		<difficult>0</difficult>
		<bndbox>
			<xmin>83</xmin>
			<ymin>347</ymin>
			<xmax>230</xmax>
			<ymax>446</ymax>
		</bndbox>
	</object>
	<object>
		<name>person</name>
		<pose>Unspecified</pose>
		<truncated>0</truncated>
		<difficult>0</difficult>
		<bndbox>
			<xmin>97</xmin>
			<ymin>314</ymin>
			<xmax>137</xmax>
			<ymax>430</ymax>
		</bndbox>
	</object>
	<object>
		<name>person</name>
		<pose>Unspecified</pose>
		<truncated>0</truncated>
		<difficult>0</difficult>
		<bndbox>
			<xmin>126</xmin>
			<ymin>313</ymin>
			<xmax>177</xmax>
			<ymax>429</ymax>
		</bndbox>
	</object>
</annotation>
