<annotation>
	<folder>combined_coco_3class_set3</folder>
	<filename>000000055690.jpg</filename>
	<path>/home/sanjay27/Downloads/july18/combined_coco_3class_set3/000000055690.jpg</path>
	<source>
		<database>Unknown</database>
	</source>
	<size>
		<width>640</width>
		<height>640</height>
		<depth>3</depth>
	</size>
	<segmented>0</segmented>
	<object>
		<name>two wheeler</name>
		<pose>Unspecified</pose>
		<truncated>0</truncated>
		<difficult>0</difficult>
		<bndbox>
			<xmin>16</xmin>
			<ymin>386</ymin>
			<xmax>142</xmax>
			<ymax>624</ymax>
		</bndbox>
	</object>
	<object>
		<name>vehicle</name>
		<pose>Unspecified</pose>
		<truncated>1</truncated>
		<difficult>0</difficult>
		<bndbox>
			<xmin>256</xmin>
			<ymin>392</ymin>
			<xmax>640</xmax>
			<ymax>635</ymax>
		</bndbox>
	</object>
	<object>
		<name>person</name>
		<pose>Unspecified</pose>
		<truncated>0</truncated>
		<difficult>0</difficult>
		<bndbox>
			<xmin>183</xmin>
			<ymin>313</ymin>
			<xmax>300</xmax>
			<ymax>555</ymax>
		</bndbox>
	</object>
</annotation>
