<annotation>
	<folder>combined_coco_3class_set3</folder>
	<filename>000000082548.jpg</filename>
	<path>/home/sanjay27/Downloads/july18/combined_coco_3class_set3/000000082548.jpg</path>
	<source>
		<database>Unknown</database>
	</source>
	<size>
		<width>640</width>
		<height>378</height>
		<depth>3</depth>
	</size>
	<segmented>0</segmented>
	<object>
		<name>person</name>
		<pose>Unspecified</pose>
		<truncated>0</truncated>
		<difficult>0</difficult>
		<bndbox>
			<xmin>296</xmin>
			<ymin>173</ymin>
			<xmax>339</xmax>
			<ymax>286</ymax>
		</bndbox>
	</object>
	<object>
		<name>vehicle</name>
		<pose>Unspecified</pose>
		<truncated>1</truncated>
		<difficult>0</difficult>
		<bndbox>
			<xmin>167</xmin>
			<ymin>98</ymin>
			<xmax>640</xmax>
			<ymax>268</ymax>
		</bndbox>
	</object>
	<object>
		<name>vehicle</name>
		<pose>Unspecified</pose>
		<truncated>1</truncated>
		<difficult>0</difficult>
		<bndbox>
			<xmin>523</xmin>
			<ymin>157</ymin>
			<xmax>640</xmax>
			<ymax>281</ymax>
		</bndbox>
	</object>
	<object>
		<name>two wheeler</name>
		<pose>Unspecified</pose>
		<truncated>0</truncated>
		<difficult>0</difficult>
		<bndbox>
			<xmin>261</xmin>
			<ymin>214</ymin>
			<xmax>373</xmax>
			<ymax>282</ymax>
		</bndbox>
	</object>
</annotation>
