<annotation>
	<folder>combined_coco_3class_set3</folder>
	<filename>000000117458.jpg</filename>
	<path>/home/sanjay27/Downloads/july18/combined_coco_3class_set3/000000117458.jpg</path>
	<source>
		<database>Unknown</database>
	</source>
	<size>
		<width>640</width>
		<height>428</height>
		<depth>3</depth>
	</size>
	<segmented>0</segmented>
	<object>
		<name>person</name>
		<pose>Unspecified</pose>
		<truncated>0</truncated>
		<difficult>0</difficult>
		<bndbox>
			<xmin>349</xmin>
			<ymin>146</ymin>
			<xmax>428</xmax>
			<ymax>290</ymax>
		</bndbox>
	</object>
	<object>
		<name>two wheeler</name>
		<pose>Unspecified</pose>
		<truncated>0</truncated>
		<difficult>0</difficult>
		<bndbox>
			<xmin>298</xmin>
			<ymin>179</ymin>
			<xmax>481</xmax>
			<ymax>302</ymax>
		</bndbox>
	</object>
	<object>
		<name>vehicle</name>
		<pose>Unspecified</pose>
		<truncated>0</truncated>
		<difficult>0</difficult>
		<bndbox>
			<xmin>169</xmin>
			<ymin>186</ymin>
			<xmax>429</xmax>
			<ymax>283</ymax>
		</bndbox>
	</object>
</annotation>
