<annotation>
	<folder>combined_coco_3class_set3</folder>
	<filename>000000068532.jpg</filename>
	<path>/home/sanjay27/Downloads/july18/combined_coco_3class_set3/000000068532.jpg</path>
	<source>
		<database>Unknown</database>
	</source>
	<size>
		<width>375</width>
		<height>500</height>
		<depth>3</depth>
	</size>
	<segmented>0</segmented>
	<object>
		<name>person</name>
		<pose>Unspecified</pose>
		<truncated>0</truncated>
		<difficult>0</difficult>
		<bndbox>
			<xmin>86</xmin>
			<ymin>26</ymin>
			<xmax>305</xmax>
			<ymax>401</ymax>
		</bndbox>
	</object>
	<object>
		<name>two wheeler</name>
		<pose>Unspecified</pose>
		<truncated>0</truncated>
		<difficult>0</difficult>
		<bndbox>
			<xmin>17</xmin>
			<ymin>200</ymin>
			<xmax>359</xmax>
			<ymax>469</ymax>
		</bndbox>
	</object>
</annotation>
