<annotation>
	<folder>combined_coco_3class_set3</folder>
	<filename>000000074099.jpg</filename>
	<path>/home/sanjay27/Downloads/july18/combined_coco_3class_set3/000000074099.jpg</path>
	<source>
		<database>Unknown</database>
	</source>
	<size>
		<width>640</width>
		<height>426</height>
		<depth>3</depth>
	</size>
	<segmented>0</segmented>
	<object>
		<name>person</name>
		<pose>Unspecified</pose>
		<truncated>0</truncated>
		<difficult>0</difficult>
		<bndbox>
			<xmin>256</xmin>
			<ymin>303</ymin>
			<xmax>299</xmax>
			<ymax>373</ymax>
		</bndbox>
	</object>
	<object>
		<name>vehicle</name>
		<pose>Unspecified</pose>
		<truncated>0</truncated>
		<difficult>0</difficult>
		<bndbox>
			<xmin>14</xmin>
			<ymin>310</ymin>
			<xmax>164</xmax>
			<ymax>375</ymax>
		</bndbox>
	</object>
	<object>
		<name>two wheeler</name>
		<pose>Unspecified</pose>
		<truncated>0</truncated>
		<difficult>0</difficult>
		<bndbox>
			<xmin>257</xmin>
			<ymin>339</ymin>
			<xmax>306</xmax>
			<ymax>386</ymax>
		</bndbox>
	</object>
	<object>
		<name>vehicle</name>
		<pose>Unspecified</pose>
		<truncated>0</truncated>
		<difficult>0</difficult>
		<bndbox>
			<xmin>591</xmin>
			<ymin>335</ymin>
			<xmax>639</xmax>
			<ymax>369</ymax>
		</bndbox>
	</object>
</annotation>
