<annotation>
	<folder>combined_coco_3class_set3</folder>
	<filename>000000109174.jpg</filename>
	<path>/home/sanjay27/Downloads/july18/combined_coco_3class_set3/000000109174.jpg</path>
	<source>
		<database>Unknown</database>
	</source>
	<size>
		<width>640</width>
		<height>427</height>
		<depth>3</depth>
	</size>
	<segmented>0</segmented>
	<object>
		<name>person</name>
		<pose>Unspecified</pose>
		<truncated>0</truncated>
		<difficult>0</difficult>
		<bndbox>
			<xmin>177</xmin>
			<ymin>183</ymin>
			<xmax>243</xmax>
			<ymax>378</ymax>
		</bndbox>
	</object>
	<object>
		<name>vehicle</name>
		<pose>Unspecified</pose>
		<truncated>0</truncated>
		<difficult>0</difficult>
		<bndbox>
			<xmin>158</xmin>
			<ymin>188</ymin>
			<xmax>408</xmax>
			<ymax>271</ymax>
		</bndbox>
	</object>
	<object>
		<name>two wheeler</name>
		<pose>Unspecified</pose>
		<truncated>0</truncated>
		<difficult>0</difficult>
		<bndbox>
			<xmin>168</xmin>
			<ymin>271</ymin>
			<xmax>232</xmax>
			<ymax>383</ymax>
		</bndbox>
	</object>
</annotation>
