<annotation>
	<folder>combined_coco_3class_set3</folder>
	<filename>000000086988.jpg</filename>
	<path>/home/sanjay27/Downloads/july18/combined_coco_3class_set3/000000086988.jpg</path>
	<source>
		<database>Unknown</database>
	</source>
	<size>
		<width>480</width>
		<height>640</height>
		<depth>3</depth>
	</size>
	<segmented>0</segmented>
	<object>
		<name>person</name>
		<pose>Unspecified</pose>
		<truncated>0</truncated>
		<difficult>0</difficult>
		<bndbox>
			<xmin>75</xmin>
			<ymin>149</ymin>
			<xmax>273</xmax>
			<ymax>546</ymax>
		</bndbox>
	</object>
	<object>
		<name>vehicle</name>
		<pose>Unspecified</pose>
		<truncated>1</truncated>
		<difficult>0</difficult>
		<bndbox>
			<xmin>397</xmin>
			<ymin>199</ymin>
			<xmax>480</xmax>
			<ymax>318</ymax>
		</bndbox>
	</object>
	<object>
		<name>vehicle</name>
		<pose>Unspecified</pose>
		<truncated>0</truncated>
		<difficult>0</difficult>
		<bndbox>
			<xmin>258</xmin>
			<ymin>206</ymin>
			<xmax>353</xmax>
			<ymax>302</ymax>
		</bndbox>
	</object>
	<object>
		<name>vehicle</name>
		<pose>Unspecified</pose>
		<truncated>0</truncated>
		<difficult>0</difficult>
		<bndbox>
			<xmin>48</xmin>
			<ymin>198</ymin>
			<xmax>99</xmax>
			<ymax>296</ymax>
		</bndbox>
	</object>
</annotation>
