<annotation>
	<folder>combined_coco_3class_set3</folder>
	<filename>000000106810.jpg</filename>
	<path>/home/sanjay27/Downloads/july18/combined_coco_3class_set3/000000106810.jpg</path>
	<source>
		<database>Unknown</database>
	</source>
	<size>
		<width>640</width>
		<height>480</height>
		<depth>3</depth>
	</size>
	<segmented>0</segmented>
	<object>
		<name>person</name>
		<pose>Unspecified</pose>
		<truncated>0</truncated>
		<difficult>0</difficult>
		<bndbox>
			<xmin>259</xmin>
			<ymin>76</ymin>
			<xmax>457</xmax>
			<ymax>428</ymax>
		</bndbox>
	</object>
	<object>
		<name>two wheeler</name>
		<pose>Unspecified</pose>
		<truncated>0</truncated>
		<difficult>0</difficult>
		<bndbox>
			<xmin>153</xmin>
			<ymin>117</ymin>
			<xmax>521</xmax>
			<ymax>445</ymax>
		</bndbox>
	</object>
	<object>
		<name>vehicle</name>
		<pose>Unspecified</pose>
		<truncated>1</truncated>
		<difficult>0</difficult>
		<bndbox>
			<xmin>1</xmin>
			<ymin>80</ymin>
			<xmax>467</xmax>
			<ymax>336</ymax>
		</bndbox>
	</object>
</annotation>
